Date,venue,City,State,Country,Recording Surfaced
??/??/1987,house party,Aberdeen,WA,United States,FALSE
03/??/1987,17 Nussbaum Road,Raymond,WA,United States,TRUE
4/18/1987,Community World Theater,Tacoma,WA,United States,FALSE
5/1/1987,GESCCO,Olympia,WA,United States,FALSE
5/6/1987,KAOS Olympia Community Radio,Olympia,WA,United States,TRUE
6/27/1987,Community World Theater,Tacoma,WA,United States,FALSE
8/9/1987,Community World Theater,Tacoma,WA,United States,FALSE
??/??/1988,The Witch House (house party),Olympia,WA,United States,FALSE
1/23/1988,Community World Theater,Tacoma,WA,United States,TRUE
03/??/1988,The Caddyshack (house party),Olympia,WA,United States,FALSE
3/19/1988,Community World Theater,Tacoma,WA,United States,TRUE
4/10/1988,The Central Tavern,Seattle,WA,United States,FALSE
4/24/1988,The Vogue (Sub Pop Sunday),Seattle,WA,United States,FALSE
5/14/1988,The Glass House (house party),Olympia,WA,United States,FALSE
5/21/1988,The Evergreen State College,Olympia,WA,United States,FALSE
5/27/1988,The Vogue,Seattle,WA,United States,FALSE
6/2/1988,The Central Tavern (Toe Jam '88),Seattle,WA,United States,FALSE
6/17/1988,Hal Holmes Community Center,Ellensburg,WA,United States,FALSE
7/3/1988,The Vogue (Sub Pop Sunday),Seattle,WA,United States,FALSE
7/23/1988,The Central Tavern,Seattle,WA,United States,FALSE
7/30/1988,Squid Row Tavern,Seattle,WA,United States,FALSE
8/20/1988,Capitol Lake Park (Capitol Lake Jam),Olympia,WA,United States,FALSE
8/29/1988,The Vogue,Seattle,WA,United States,FALSE
10/??/1988,birthday party,Bainbridge Island,WA,United States,FALSE
10/28/1988,Union Station,Seattle,WA,United States,FALSE
10/30/1988,"Dorm K208, The Evergreen State College (dorm party)",Olympia,WA,United States,TRUE
11/23/1988,Speedy O'Tubbs Rhythmic Underground,Bellingham,WA,United States,FALSE
12/1/1988,The Underground,Seattle,WA,United States,FALSE
12/21/1988,Eagles Hall/FoE Aerie 252,Hoquiam,WA,United States,TRUE
12/28/1988,The Underground,Seattle,WA,United States,TRUE
1/6/1989,Satyricon,Portland,OR,United States,FALSE
1/21/1989,Satyricon,Portland,OR,United States,FALSE
02/??/1989,"Dorm K208, The Evergreen State College (dorm party)",Olympia,WA,United States,TRUE
2/10/1989,Covered Wagon Saloon,San Francisco,CA,United States,FALSE
2/11/1989,Marsugi's,San Jose,CA,United States,FALSE
2/25/1989,"East Ballroom, Husky Union Building, University of Washington",Seattle,WA,United States,TRUE
4/1/1989,Reko/Muse,Olympia,WA,United States,FALSE
4/7/1989,Annex Theatre,Seattle,WA,United States,FALSE
4/26/1989,The Vogue,Seattle,WA,United States,FALSE
5/26/1989,"Lindbloom Student Center, Green River Community College",Auburn,WA,United States,TRUE
6/9/1989,Moore Theater (Lame Fest),Seattle,WA,United States,TRUE
6/10/1989,The Blue Gallery,Portland,OR,United States,FALSE
6/21/1989,The Vogue,Seattle,WA,United States,TRUE
6/22/1989,Covered Wagon Saloon,San Francisco,CA,United States,FALSE
6/23/1989,Rhino Records Westwood,Los Angeles,CA,United States,TRUE
6/24/1989,Al's Bar,Los Angeles,CA,United States,TRUE
6/25/1989,Sun Club,Tempe,AZ,United States,FALSE
6/27/1989,Rockin' T.P.,Santa Fe,NM,United States,TRUE
6/30/1989,Alfred's,San Antonio,TX,United States,FALSE
7/1/1989,The Axiom,Houston,TX,United States,FALSE
7/2/1989,Axis Club,Fort Worth,TX,United States,FALSE
7/3/1989,The Electric Jungle,Dallas,TX,United States,FALSE
7/4/1989,611 Pizza,Carbondale,IL,United States,FALSE
7/5/1989,Gabe's Oasis,Iowa City,IA,United States,FALSE
7/6/1989,Uptown Bar,Minneapolis,MN,United States,FALSE
7/7/1989,O'Cayz Corral,Madison,WI,United States,FALSE
7/8/1989,Club Dreamerz,Chicago,IL,United States,TRUE
7/9/1989,"The Sonic Temple, Masonic Temple",Wilkinsburg,PA,United States,FALSE
7/12/1989,J.C. Dobbs,Philadelphia,PA,United States,TRUE
7/13/1989,Maxwell's,Hoboken,NJ,United States,TRUE
7/15/1989,Green Street Station,Jamaica Plain,MA,United States,TRUE
7/18/1989,Pyramid Club (New Music Seminar),New York,NY,United States,TRUE
8/26/1989,Center on Contemporary Art,Seattle,WA,United States,TRUE
9/26/1989,The Vogue,Seattle,WA,United States,FALSE
9/28/1989,Uptown Bar,Minneapolis,MN,United States,FALSE
9/30/1989,Cabaret Metro,Chicago,IL,United States,TRUE
10/1/1989,Trito's Uptown,Champaign,IL,United States,FALSE
10/2/1989,The Club Soda,Kalamazoo,MI,United States,FALSE
10/3/1989,Blind Pig,Ann Arbor,MI,United States,TRUE
10/3/1989,Bling Pig,Ann Arbor,MI,United States,TRUE
10/6/1989,Murphy's Pub,Cincinnati,OH,United States,TRUE
10/7/1989,The Outhouse,Lawrence,KS,United States,FALSE
10/8/1989,Lifticket Lounge,Omaha,NE,United States,TRUE
10/11/1989,Garage,Denver,CO,United States,TRUE
10/13/1989,Penny Lane Coffeehouse,Boulder,CO,United States,FALSE
10/23/1989,Riverside,Newcastle upon Tyne,,United Kingdom,FALSE
10/24/1989,Manchester Polytechnic,Manchester,,United Kingdom,TRUE
10/24/1989,"Students' Union, Manchester Polytechnic",Manchester,,United Kingdom,TRUE
10/25/1989,Duchess of York,Leeds,,United Kingdom,TRUE
10/27/1989,SOAS Bar,London,,United Kingdom,TRUE
10/27/1989,"Students' Union, School of Oriental & African Studies",London,,United Kingdom,TRUE
10/28/1989,"Ents Hall, Portsmouth Polytechnic",Portsmouth,,United Kingdom,TRUE
10/29/1989,Edward's No. 8,Birmingham,,United Kingdom,TRUE
10/30/1989,"The Wilde Club, Norwich Arts Centre",Norwich,,United Kingdom,TRUE
11/1/1989,Nighttown,Rotterdam,,Netherlands,TRUE
11/1/1989,Villa 65 (Nozems-a-GoGo),Hilversum,,Netherlands,TRUE
11/2/1989,Vera,Groningen,,Netherlands,TRUE
11/3/1989,Tivoli,Utrecht,,Netherlands,TRUE
11/4/1989,Gigant,Apeldoorn,,Netherlands,FALSE
11/5/1989,Melkweg,Amsterdam,,Netherlands,TRUE
11/7/1989,B-52,Mönchengladbach,,West Germany,TRUE
11/8/1989,Rose Club,Köln,,West Germany,TRUE
11/9/1989,Bad,Hannover,,West Germany,TRUE
11/10/1989,Forum Enger,Enger,,West Germany,TRUE
11/11/1989,Ecstacy,Berlin,,West Germany,TRUE
11/12/1989,Kulturzentrum,Oldenburg,,West Germany,TRUE
11/13/1989,Fabrik,Hamburg,,West Germany,TRUE
11/15/1989,Schwimmbad,Heidelberg,,West Germany,TRUE
11/15/1989,Schwimmbad Musik-Club,Heidelberg,,West Germany,TRUE
11/16/1989,Trust,Nürnberg,,West Germany,TRUE
11/17/1989,Circus,Gammelsdorf,,West Germany,TRUE
11/18/1989,Kultur-Basar,Hanau,,West Germany,TRUE
11/20/1989,Kapu,Linz,,Austria ,TRUE
11/21/1989,Petõfi Csarnok,Budapest,,Hungary ,FALSE
11/22/1989,U4,Wien,,Austria ,TRUE
11/23/1989,Cafe Pi,Graz,,Austria ,FALSE
11/24/1989,Konkret,Hohenems,,Austria ,FALSE
11/25/1989,Fri-Son,Fribourg,,Switzerland ,FALSE
11/26/1989,Bloom,Mezzago,,Italy,TRUE
11/27/1989,Piper Club,Roma,,Italy,TRUE
11/29/1989,l'Usine,Geneva,,Switzerland ,FALSE
11/30/1989,Rote Fabrik,Zurich,,Switzerland,FALSE
12/1/1989,"Fahrenheit, MJC Espace Icare",Issy-les-Moulineaux,,France,TRUE
12/2/1989,Democrazy,Gent,,Belgium,TRUE
12/3/1989,Astoria Theatre (Lame Fest),London,,United Kingdom,TRUE
1/6/1990,"East Ballroom, Husky Union Building, University of Washington",Seattle,WA,United States,TRUE
1/12/1990,Satyricon,Portland,OR,United States,TRUE
1/19/1990,Rignall Hall,Olympia,WA,United States,TRUE
1/20/1990,Legends,Tacoma,WA,United States,TRUE
2/9/1990,Pine Street Theater,Portland,OR,United States,TRUE
2/11/1990,Cactus Club,San Jose,CA,United States,TRUE
2/12/1990,Cattle Club,Sacramento,CA,United States,TRUE
2/14/1990,Rough Trade Records,San Francisco,CA,United States,FALSE
2/14/1990,Kennel Club,San Francisco,CA,United States,TRUE
2/15/1990,Raji's,Hollywood,CA,United States,TRUE
2/16/1990,Bogart's,Long Beach,CA,United States,TRUE
2/17/1990,Iguana's,Tijuana,,Mexico ,FALSE
2/17/1990,Iguana's,Tijuana,,Mexico ,TRUE
2/19/1990,Mason Jar,Phoenix,AZ,United States,TRUE
2/21/1990,Blue Max,Chico,CA,United States,FALSE
3/12/1990,The Town Pump,Vancouver,BC,Canada,TRUE
4/1/1990,Cabaret Metro,Chicago,IL,United States,TRUE
4/6/1990,Club Underground,Madison,WI,United States,FALSE
4/8/1990,The Unicorn,Milwaukee,WI,United States,FALSE
4/9/1990,7th Street Entry,Minneapolis,MN,United States,FALSE
4/10/1990,Blind Pig,Ann Arbor,MI,United States,TRUE
4/14/1990,Shorty's Underground,Cincinnati,OH,United States,FALSE
4/16/1990,Lee's Palace,Toronto,ON,Canada,TRUE
4/17/1990,Foufounes Électriques,Montréal,QC,Canada,TRUE
4/18/1990,ManRay Nightclub,Cambridge,MA,United States,TRUE
4/20/1990,"Olde Club, Swarthmore College",Swarthmore,PA,United States,TRUE
4/21/1990,"Senior House, Massachusetts Institute of Technology",Cambridge,MA,United States,FALSE
4/26/1990,Pyramid Club,New York,NY,United States,TRUE
4/27/1990,"SAGA, Hampshire College (Amnesty International Benefit)",Amherst,MA,United States,FALSE
4/28/1990,Maxwell's,Hoboken,NJ,United States,TRUE
4/29/1990,9:30 Club,Washington,DC,United States,TRUE
4/30/1990,J.C. Dobbs,Philadelphia,PA,United States,FALSE
5/1/1990,Cat's Cradle,Chapel Hill,NC,United States,TRUE
5/2/1990,Milestone,Charlotte,NC,United States,TRUE
5/4/1990,The Masquerade,Tampa,FL,United States,TRUE
5/6/1990,The Masquerade,Atlanta,GA,United States,TRUE
5/9/1990,Stache's,Columbus,OH,United States,FALSE
5/10/1990,Shorty's Underground,Cincinnati,OH,United States,FALSE
5/11/1990,Tulsa Theatre,Tulsa,OK,United States,FALSE
5/13/1990,Duffy's Tavern,Lincoln,NE,United States,TRUE
5/14/1990,The Garage,Denver,CO,United States,FALSE
5/17/1990,The Zoo,Boise,ID,United States,FALSE
8/16/1990,Calamity Jayne's Nashville Nevada,Las Vegas,NV,United States,FALSE
8/17/1990,Hollywood Palladium,Hollywood,CA,United States,TRUE
8/19/1990,Casbah,San Diego,CA,United States,TRUE
8/19/1990,The Casbah,San Diego,CA,United States,TRUE
8/20/1990,Crest Theater,Sacramento,CA,United States,TRUE
8/21/1990,Warfield Theatre,San Francisco,CA,United States,FALSE
8/23/1990,Melody Ballroom,Portland,OR,United States,TRUE
8/24/1990,Moore Theater,Seattle,WA,United States,TRUE
8/25/1990,New York Theatre,Vancouver,BC,Canada,FALSE
9/22/1990,Motor Sports International and Garage,Seattle,WA,United States,TRUE
9/25/1990,KAOS Olympia Community Radio (The Boy Meets Girl Show),Olympia,WA,United States,TRUE
9/25/1990,KAOS Olympia Community Radio,Olympia,WA,United States,TRUE
10/11/1990,North Shore Surf Club,Olympia,WA,United States,TRUE
10/17/1990,"The Mods, The Evergreen State College (dorm party)",Olympia,WA,United States,FALSE
10/23/1990,Goldwyn's Suite,Birmingham,,United Kingdom,TRUE
10/24/1990,Astoria Theatre,London,,United Kingdom,TRUE
10/25/1990,"Students' Union, Leeds Polytechnic",Leeds,,United Kingdom,TRUE
10/26/1990,Calton Studios,Edinburgh,,United Kingdom,TRUE
10/27/1990,"Byron Building, Trent Polytechnic",Nottingham,,United Kingdom,TRUE
10/29/1990,The Waterfront,Norwich,,United Kingdom,FALSE
11/25/1990,Off Ramp Cafe,Seattle,WA,United States,TRUE
12/31/1990,Satyricon,Portland,OR,United States,FALSE
1/18/1991,"Library 4300, The Evergreen State College [No More Wars Benefit]",Olympia,WA,United States,TRUE
1/18/1991,"LIB 4300, The Evergreen State College",Olympia,WA,United States,TRUE
3/2/1991,The Zoo,Boise,ID,United States,TRUE
3/4/1991,Westward Club,Calgary,AB,Canada,FALSE
3/5/1991,The Bronx,Edmonton,AB,Canada,FALSE
3/8/1991,Commodore Ballroom,Vancouver,BC,Canada,TRUE
3/9/1991,The Forge,Victoria,BC,Canada,FALSE
4/13/1991,Tinuviel's Phoenix House,Olympia,WA,United States,TRUE
4/17/1991,O.K. Hotel,Seattle,WA,United States,TRUE
5/29/1991,Jabberjaw,Los Angeles,CA,United States,TRUE
6/8/1991,"The Mods, The Evergreen State College (dorm party)",Olympia,WA,United States,FALSE
6/10/1991,Gothic Theatre,Englewood,CO,United States,TRUE
6/11/1991,The Pompadour Rock & Roll Club,Salt Lake City,UT,United States,FALSE
6/13/1991,Warfield Theater,San Francisco,CA,United States,TRUE
6/14/1991,Palladium,Hollywood,CA,United States,TRUE
6/14/1991,Hollywood Palladium,Hollywood,CA,United States,TRUE
6/15/1991,Iguana's,Tijuana,,Mexico ,FALSE
6/17/1991,Crest Theater,Sacramento,CA,United States,TRUE
6/18/1991,Catalyst,Santa Cruz,CA,United States,TRUE
6/20/1991,Melody Ballroom,Portland,OR,United States,TRUE
8/15/1991,The Roxy Theatre,West Hollywood,CA,United States,FALSE
8/20/1991,Sir Henry's Pub,Cork,,Ireland,TRUE
8/21/1991,The Top Hat,Dun Laoghaire,,Ireland,FALSE
8/23/1991,Richfield Avenue (Reading Festival),Reading,,United Kingdom,TRUE
8/24/1991,Tanzbrunnen (Monsters Of Spex),Köln,,Germany ,TRUE
8/25/1991,Domein Kiewit (Pukkelpop),Hasselt,,Belgium,TRUE
8/27/1991,Aladin Music Hall (Überschall 91),Bremen,,Germany ,TRUE
8/28/1991,Easy Schorre,Halle,,Germany ,FALSE
8/29/1991,Longhorn Country & Western Saloon,Stuttgart,,Germany ,FALSE
8/30/1991,Serenadenhof,Nuremberg,,Germany ,FALSE
9/1/1991,De Doelen (Ein Abend in Wien),Rotterdam,,Netherlands,TRUE
9/16/1991,Beehive Music & Video,Seattle,WA,United States,TRUE
9/20/1991,Opera House,Toronto,ON,Canada,TRUE
9/21/1991,Foufounes Électriques,Montréal,QC,Canada,TRUE
9/23/1991,Axis Nightclub,Boston,MA,United States,TRUE
9/23/1991,Axis Nightclub (WFNX Birthday Bash),Boston,MA,United States,TRUE
9/24/1991,Axis Nightclub (all ages),Boston,MA,United States,TRUE
9/24/1991,Axis Nightclub,Boston,MA,United States,TRUE
9/25/1991,Club Babyhead,Providence,RI,United States,TRUE
9/26/1991,The Moon,New Haven,CT,United States,TRUE
9/27/1991,City Gardens,Trenton,NJ,United States,TRUE
9/28/1991,Tower Records,New York,NY,United States,FALSE
9/28/1991,Marquee,New York,NY,United States,TRUE
9/30/1991,Graffiti,Pittsburgh,PA,United States,FALSE
10/1/1991,J.C. Dobbs,Philadelphia,PA,United States,TRUE
10/2/1991,9:30 Club,Washington,DC,United States,TRUE
10/4/1991,Cat's Cradle,Chapel Hill,NC,United States,FALSE
10/4/1991,Cat's Cradle,Chapel Hill,NC,United States,TRUE
10/5/1991,40 Watt Club,Athens,GA,United States,FALSE
10/6/1991,The Masquerade,Atlanta,GA,United States,TRUE
10/7/1991,Omni-New Daisy Theatre,Memphis,TN,United States,FALSE
10/9/1991,Stache's,Columbus,OH,United States,FALSE
10/10/1991,Empire,Cleveland,OH,United States,TRUE
10/11/1991,Saint Andrew's Hall,Detroit,MI,United States,TRUE
10/12/1991,Cabaret Metro,Chicago,IL,United States,TRUE
10/14/1991,Northern Lights,Minneapolis,MN,United States,TRUE
10/14/1991,First Avenue Club,Minneapolis,MN,United States,TRUE
10/16/1991,Mississippi Nights,St. Louis,MO,United States,FALSE
10/17/1991,"Kansas Union Ballroom, University of Kansas",Lawrence,KS,United States,TRUE
10/17/1991,Kansas Union Ballroom,Lawrence,KS,United States,TRUE
10/19/1991,Trees Club,Dallas,TX,United States,TRUE
10/20/1991,The Vatican,Houston,TX,United States,FALSE
10/21/1991,Waterloo Records,Austin,TX,United States,TRUE
10/21/1991,Liberty Lunch,Austin,TX,United States,TRUE
10/23/1991,After The Gold Rush,Tempe,AZ,United States,TRUE
10/24/1991,Iguana's,Tijuana,,Mexico ,FALSE
10/24/1991,Off The Record,San Diego,CA,United States,TRUE
10/25/1991,The Palace (Rock For Choice Benefit),Hollywood,CA,United States,TRUE
10/26/1991,Warfield Theater,San Francisco,CA,United States,TRUE
10/27/1991,The Palace,Hollywood,CA,United States,TRUE
10/29/1991,Fox Theatre,Portland,OR,United States,TRUE
10/30/1991,Commodore Ballroom,Vancouver,BC,Canada,TRUE
10/31/1991,Paramount Theatre,Seattle,WA,United States,TRUE
11/4/1991,Bierkeller,Bristol,,United Kingdom,TRUE
11/5/1991,Astoria Theatre,London,,United Kingdom,TRUE
11/6/1991,Wulfrun Hall,Wolverhampton,,United Kingdom,TRUE
11/8/1991,Limehouse Studios (The Word),London,,United Kingdom,TRUE
11/10/1991,Loft,Berlin,,Germany ,TRUE
11/11/1991,Markthalle,Hamburg,,Germany ,TRUE
11/12/1991,Batschkapp,Frankfurt,,Germany ,FALSE
11/13/1991,Nachtwerk,München,,Germany ,TRUE
11/14/1991,Arena,Wien,,Austria ,TRUE
11/16/1991,Teatro Verdi,Muggia,,Italy,TRUE
11/17/1991,Bloom,Mezzago,,Italy,TRUE
11/19/1991,Teatro Castello,Roma,,Italy,TRUE
11/20/1991,Kryptonite,Baricella,,Italy,TRUE
11/23/1991,Vooruit,Gent,,Belgium,TRUE
11/25/1991,NOB Radiostudio,Hilversum,,Netherlands,TRUE
11/25/1991,Paradiso,Amsterdam,,Netherlands,TRUE
11/26/1991,"Communal Building, University of Bradford",Bradford,,United Kingdom,TRUE
11/27/1991,BBC Elstree Centre (Top of the Pops),Borehamwood,,United Kingdom,TRUE
11/27/1991,Hummingbird,Birmingham,,United Kingdom,TRUE
11/28/1991,"Octagon Centre, University of Sheffield",Sheffield,,United Kingdom,TRUE
11/29/1991,Calton Studios,Edinburgh,,United Kingdom,TRUE
11/30/1991,"Queen Margaret Union, University of Glasgow",Glasgow,,United Kingdom,TRUE
11/30/1991,"Queen Margaret Union, University of Glasgow",Glasgow,,United Kingdom,TRUE
12/1/1991,The Southern Bar,Edinburgh,,United Kingdom,FALSE
12/2/1991,The Mayfair,Newcastle,,United Kingdom,TRUE
12/3/1991,Rock City,Nottingham,,United Kingdom,TRUE
12/4/1991,Academy,Manchester,,United Kingdom,TRUE
12/5/1991,Kilburn National Ballroom,London,,United Kingdom,TRUE
12/6/1991,The Greenwood (Tonight with Jonathan Ross),London,,United Kingdom,TRUE
12/7/1991,Salle Omnisports (Trans Musicales),Rennes,,France,TRUE
12/27/1991,Los Angeles Memorial Sports Arena,Los Angeles,CA,United States,FALSE
12/28/1991,"Pat O'Brien Pavilion, Del Mar Fairgrounds",Del Mar,CA,United States,TRUE
12/29/1991,"University Activity Center, Arizona State University",Tempe,AZ,United States,TRUE
12/31/1991,Cow Palace,Daly City,CA,United States,TRUE
1/2/1992,Salem Armory,Salem,OR,United States,TRUE
1/2/1992,Salem Armory Auditorium,Salem,OR,United States,TRUE
1/9/1992,NBC Studios (Saturday Night Live rehearsal),New York,NY,United States,FALSE
1/10/1992,MTV Studios,New York,NY,United States,TRUE
1/11/1992,NBC Studios (Saturday Night Live dress rehearsal),New York,NY,United States,FALSE
1/11/1992,NBC Studios (Saturday Night Live),New York,NY,United States,TRUE
1/15/1992,Crocodile Cafe,Seattle,WA,United States,TRUE
1/24/1992,Phoenecian Club,Sydney,,Australia ,TRUE
1/25/1992,Hordern Pavilion,Sydney,,Australia ,TRUE
1/26/1992,Fisherman's Wharf,Gold Coast,,Australia ,FALSE
1/27/1992,Brisbane Festival Hall,Brisbane,,Australia ,FALSE
1/30/1992,Thebarton Theatre,Adelaide,,Australia ,TRUE
1/31/1992,Palace,Melbourne,,Australia ,TRUE
2/1/1992,Palace,Melbourne,,Australia ,TRUE
2/2/1992,The Palace,Melbourne,,Australia,FALSE
2/5/1992,ANU Union Bar,Canberra,,Australia ,TRUE
2/6/1992,"Selina's, The Coogee Bay Hotel",Sydney,,Australia ,TRUE
2/7/1992,"Selina's, The Coogee Bay Hotel",Sydney,,Australia ,TRUE
2/9/1992,Logan Campbell Centre,Auckland,,New Zealand ,FALSE
2/14/1992,Kokusai Koryu Center,Osaka,,Japan,TRUE
2/16/1992,Club Quattro,Nagoya,,Japan,TRUE
2/17/1992,Club Citta,Kawasaki,,Japan,FALSE
2/19/1992,Nakano Sunplaza,Tokyo,,Japan,TRUE
2/21/1992,Pink's Garage,Honolulu,HI,United States,FALSE
2/22/1992,Pink's Garage,Honolulu,HI,United States,TRUE
6/21/1992,Point Depot,Dublin,,Ireland,TRUE
6/22/1992,King's Hall,Belfast,,United Kingdom,TRUE
6/24/1992,Zénith,Paris,,France,TRUE
6/26/1992,Dyrskuepladsen,Roskilde,,Denmark,TRUE
6/27/1992,Kansanpuisto,Turku,,Finland,TRUE
6/28/1992,Kalvøya (Kalvøyafestivalen),Oslo,,Norway,TRUE
6/30/1992,Sjöhistoriska Museet,Stockholm,,Sweden,TRUE
7/2/1992,Plaza de Toros de Valencia,Valencia,,Spain ,TRUE
7/3/1992,Palacio de los Deportes de la Comunidad de Madrid,Madrid,,Spain ,TRUE
7/4/1992,Pabellón de la Casilla de Bilbao,Bilbao,,Spain ,FALSE
8/30/1992,Richfield Avenue (Reading Festival),Reading,,United Kingdom,TRUE
9/8/1992,"Edwin W. Pauley Pavilion, UCLA (MTV Video Music Awards rehearsal)",Los Angeles,CA,United States,FALSE
9/8/1992,"Edwin W. Pauley Pavilion, UCLA (MTV Video Music Awards rehearsals)",Los Angeles,CA,United States,TRUE
9/9/1992,"Edwin W. Pauley Pavilion, UCLA (MTV Video Music Awards rehearsal)",Los Angeles,CA,United States,FALSE
9/9/1992,"Edwin W. Pauley Pavilion, UCLA (MTV Video Music Awards)",Los Angeles,CA,United States,TRUE
9/10/1992,Portland Meadows,Portland,OR,United States,TRUE
9/11/1992,Seattle Center Coliseum,Seattle,WA,United States,TRUE
9/26/1992,Castaic Lake Amphitheatre,Castaic,CA,United States,TRUE
10/3/1992,Carver Gymnasium,Bellingham,WA,United States,TRUE
10/4/1992,Crocodile Cafe,Seattle,WA,United States,TRUE
10/30/1992,Estadio José Amalfitani,Buenos Aires,,Argentina,TRUE
1/16/1993,Estádio Cícero Pompeu de Toledo (Hollywood Rock Festival),São Paulo,,Brazil,TRUE
1/23/1993,Praça da Apoteose (Hollywood Rock Festival),Rio de Janeiro,,Brazil,TRUE
4/9/1993,Cow Palace,Daly City,CA,United States,TRUE
7/23/1993,Roseland Ballroom,New York,NY,United States,TRUE
8/6/1993,King Performance Center (Mia Zapata Benefit),Seattle,WA,United States,TRUE
9/8/1993,Club Lingerie (Rock Against Rape Benefit),Hollywood,CA,United States,TRUE
9/23/1993,NBC Studios (Saturday Night Live rehearsals),New York,NY,United States,TRUE
9/25/1993,NBC Studios (Saturday Night Live dress rehearsal),New York,NY,United States,FALSE
9/25/1993,NBC Studios (Saturday Night Live),New York,NY,United States,TRUE
10/18/1993,Veterans Memorial Coliseum (Arizona State Fair),Phoenix,AZ,United States,TRUE
10/19/1993,"SE Exhibit Hall, Albuquerque Convention Center",Albuquerque,NM,United States,FALSE
10/21/1993,Memorial Hall,Kansas City,KS,United States,TRUE
10/22/1993,Palmer Alumni Auditorium,Davenport,IA,United States,TRUE
10/23/1993,Aragon Ballroom,Chicago,IL,United States,TRUE
10/25/1993,Aragon Ballroom,Chicago,IL,United States,FALSE
10/26/1993,Mecca Auditorium,Milwaukee,WI,United States,TRUE
10/27/1993,Wings Stadium,Kalamazoo,MI,United States,FALSE
10/29/1993,Michigan State Fairgrounds Coliseum,Detroit,MI,United States,TRUE
10/30/1993,Hara Arena,Dayton,OH,United States,TRUE
10/31/1993,University of Akron,Akron,OH,United States,TRUE
11/2/1993,Auditorium de Verdun,Verdun,QC,Canada,TRUE
11/4/1993,Maple Leaf Gardens,Toronto,ON,Canada,TRUE
11/5/1993,University at Buffalo,Amherst,NY,United States,TRUE
11/7/1993,"William and Mary Hall, The College of William & Mary",Williamsburg,VA,United States,TRUE
11/8/1993,Armory,Philadelphia,PA,United States,TRUE
11/9/1993,Lehigh University,Bethlehem,PA,United States,TRUE
11/10/1993,Springfield Civic Center,Springfield,MA,United States,TRUE
11/12/1993,George Wallace Civic Center,Fitchburg,MA,United States,TRUE
11/13/1993,American University,Washington,DC,United States,TRUE
11/14/1993,New York Coliseum,New York,NY,United States,TRUE
11/15/1993,Roseland Ballroom,New York,NY,United States,TRUE
11/16/1993,SST Rehearsal Facility (MTV Unplugged rehearsals),Weehawken,NJ,United States,FALSE
11/17/1993,SST Rehearsal Facility (MTV Unplugged rehearsals),Weehawken,NJ,United States,FALSE
11/18/1993,Sony Music Studios (MTV Unplugged rehearsal),New York,NY,United States,TRUE
11/18/1993,Sony Music Studios (MTV Unplugged rehearsals),New York,NY,United States,TRUE
11/18/1993,Sony Music Studios (MTV Unplugged),New York,NY,United States,TRUE
11/26/1993,Morocco Shrine Auditorium,Jacksonville,FL,United States,FALSE
11/27/1993,AT&T Bayfront Park Amphitheater,Miami,FL,United States,TRUE
11/28/1993,"Jenkins Arena, Lakeland Civic Center",Lakeland,FL,United States,FALSE
11/29/1993,Omni,Atlanta,GA,United States,TRUE
12/1/1993,Boutwell Municipal Auditorium,Birmingham,AL,United States,FALSE
12/2/1993,Tallahassee-Leon County Civic Center,Tallahassee,FL,United States,TRUE
12/3/1993,Senator Nat G. Kiefer University of New Orleans Lakefront Arena,New Orleans,LA,United States,TRUE
12/5/1993,Fairpark Coliseum,Dallas,TX,United States,TRUE
12/6/1993,Astroarena,Houston,TX,United States,FALSE
12/8/1993,Travel and Transportation Building,Oklahoma City,OK,United States,TRUE
12/9/1993,Ak-Sar-Ben Coliseum,Omaha,NE,United States,FALSE
12/10/1993,Roy Wilkins Auditorium,St. Paul,MN,United States,TRUE
12/13/1993,Pier 48 (MTV Live and Loud rehearsal),Seattle,WA,United States,TRUE
12/13/1993,Pier 48 (MTV Live and Loud rehearsals),Seattle,WA,United States,TRUE
12/13/1993,Pier 48 (MTV Live and Loud),Seattle,WA,United States,TRUE
12/14/1993,Salem Armory Auditorium,Salem,OR,United States,TRUE
12/15/1993,"The Pavilion, Boise State University",Boise,ID,United States,FALSE
12/16/1993,Golden Spike Arena,Ogden,UT,United States,FALSE
12/18/1993,Coliseum,Denver,CO,United States,TRUE
12/29/1993,San Diego Sports Arena,San Diego,CA,United States,TRUE
12/30/1993,Great Western Forum,Inglewood,CA,United States,TRUE
12/31/1993,Oakland-Alameda County Coliseum Arena,Oakland,CA,United States,TRUE
1/1/1994,"Compton Arena, Jackson County Fairgrounds/Expo Park",Central Point,OR,United States,FALSE
1/3/1994,Pacific National Exhibition Forum,Vancouver,BC,Canada,FALSE
1/4/1994,Pacific National Exhibition Forum,Vancouver,BC,Canada,TRUE
1/6/1994,Spokane Coliseum,Spokane,WA,United States,FALSE
1/6/1994,Spokane Coliseum,Spokane,WA,United States,TRUE
1/7/1994,Seattle Center Arena,Seattle,WA,United States,TRUE
1/8/1994,Seattle Center Arena,Seattle,WA,United States,TRUE
2/4/1994,"Studio 3, Canal+ (Nulle Part Ailleurs)",Paris,,France,TRUE
2/6/1994,Pavilhão do Grupo Dramático e Sportivo de Cascais,Cascais,,Portugal,TRUE
2/8/1994,Pabellón de Deportes del Real Madrid,Madrid,,Spain,TRUE
2/9/1994,Palau Municipal dels Esports de Barcelona,Barcelona,,Spain,TRUE
2/10/1994,Palais des Sports,Toulouse,,France,TRUE
2/12/1994,Zénith Oméga,Toulon,,France,TRUE
2/14/1994,Zénith,Paris,,France,TRUE
2/16/1994,Salle Omnisports,Rennes,,France,TRUE
2/18/1994,Summum,Grenoble,,France,TRUE
2/19/1994,Patinoires du Littoral,Neuchâtel,,Switzerland ,FALSE
2/21/1994,Palasport,Modena,,Italy,TRUE
2/22/1994,Palaghiaccio,Roma,,Italy,TRUE
2/23/1994,RAI Centro di Produzione TV Studi Nomentano (Tunnel),Roma,,Italy,TRUE
2/24/1994,Palatrussardi,Milano,,Italy,TRUE
2/25/1994,Palatrussardi,Milano,,Italy,TRUE
2/27/1994,Hala Tivoli,Ljubljana,,Slovenia,TRUE
3/1/1994,Terminal 1,Munich,,Germany,TRUE
3/1/1994,"Terminal 1, Flughafen München-Riem",Munich,,Germany,TRUE